Player,Pos,FG%,FT%,3P,PS/Gâ–¼,TRB,AST,STL,BLK,TOV
Stephen Curry,PG,0.504,0.908,5.1,30.1,5.4,6.7,2.1,0.2,3.3
James Harden,SG,0.439,0.86,2.9,29,6.1,7.5,1.7,0.6,4.6
Kevin Durant,SF,0.505,0.898,2.6,28.2,8.2,5,1,1.2,3.5
DeMarcus Cousins,C,0.451,0.718,1.1,26.9,11.5,3.3,1.6,1.4,3.8
LeBron James,SF,0.52,0.731,1.1,25.3,7.4,6.8,1.4,0.6,3.3
Damian Lillard,PG,0.419,0.892,3.1,25.1,4,6.8,0.9,0.4,3.2
Anthony Davis,PF,0.493,0.758,0.6,24.3,10.3,1.9,1.3,2,2
DeMar DeRozan,SG,0.446,0.85,0.6,23.5,4.5,4,1,0.3,2.2
Russell Westbrook,PG,0.454,0.812,1.3,23.5,7.8,10.4,2,0.3,4.3
Paul George,SF,0.418,0.86,2.6,23.1,7,4.1,1.9,0.4,3.3
Isaiah Thomas,PG,0.428,0.871,2,22.2,3,6.2,1.1,0.1,2.7
Klay Thompson,SG,0.47,0.873,3.5,22.1,3.8,2.1,0.8,0.6,1.7
Carmelo Anthony,SF,0.434,0.829,1.5,21.8,7.7,4.2,0.9,0.5,2.4
Blake Griffin,PF,0.499,0.727,0.2,21.4,8.4,4.9,0.8,0.5,2.4
Kawhi Leonard,SF,0.506,0.874,1.8,21.2,6.8,2.6,1.8,1,1.5
Kyle Lowry,PG,0.427,0.811,2.8,21.2,4.7,6.4,2.1,0.4,2.9
Jimmy Butler,SG,0.454,0.832,1,20.9,5.3,4.8,1.6,0.6,2
Kemba Walker,PG,0.427,0.847,2.2,20.9,4.4,5.2,1.6,0.5,2.1
C.J. McCollum,SG,0.448,0.827,2.5,20.8,3.2,4.3,1.2,0.3,2.5
Andrew Wiggins,SF,0.459,0.761,0.7,20.7,3.6,2,1,0.6,2.2
Brook Lopez,C,0.511,0.787,0,20.6,7.8,2,0.8,1.7,2.4
Eric Bledsoe,PG,0.453,0.802,1.5,20.4,4,6.1,2,0.6,3.5
John Wall,PG,0.424,0.791,1.5,19.9,4.9,10.2,1.9,0.8,4.1
Gordon Hayward,SF,0.433,0.824,1.8,19.7,5,3.7,1.2,0.3,2.5
Kyrie Irving,PG,0.448,0.885,1.6,19.6,3,4.7,1.1,0.3,2.3
Brandon Knight,SG,0.415,0.852,2.3,19.6,3.9,5.1,1.2,0.4,3.4
Danilo Gallinari,SF,0.41,0.868,1.6,19.5,5.3,2.5,0.8,0.4,1.5
Chris Paul,PG,0.462,0.896,1.6,19.5,4.2,10,2.1,0.2,2.6
Chris Bosh,PF,0.467,0.795,1.5,19.1,7.4,2.4,0.7,0.6,1.5
Dwyane Wade,SG,0.456,0.793,0.1,19,4.1,4.6,1.1,0.6,2.7
Reggie Jackson,PG,0.434,0.864,1.5,18.8,3.2,6.2,0.7,0.1,2.8
Dirk Nowitzki,PF,0.448,0.893,1.7,18.3,6.5,1.8,0.7,0.7,1.1
Karl-Anthony Towns,C,0.542,0.811,0.4,18.3,10.5,2,0.7,1.7,2.2
Khris Middleton,SG,0.444,0.888,1.8,18.2,3.8,4.2,1.7,0.2,2.3
Nikola Vucevic,C,0.51,0.753,0,18.2,8.9,2.8,0.8,1.1,1.9
LaMarcus Aldridge,PF,0.513,0.858,0,18,8.5,1.5,0.5,1.1,1.3
Kobe Bryant,SF,0.358,0.826,2,17.6,3.7,2.8,0.9,0.2,2
Jahlil Okafor,C,0.508,0.686,0,17.5,7,1.2,0.4,1.2,2.3
Bradley Beal,SG,0.449,0.767,1.9,17.4,3.4,2.9,1,0.2,2
Rudy Gay,SF,0.463,0.78,1.1,17.2,6.5,1.7,1.4,0.7,2
Paul Millsap,PF,0.47,0.757,0.9,17.1,9,3.3,1.8,1.7,2.4
Ryan Anderson,PF,0.427,0.873,2,17,6,1.1,0.6,0.4,1.4
Giannis Antetokounmpo,PG,0.506,0.724,0.4,16.9,7.7,4.3,1.2,1.4,2.6
Jrue Holiday,PG,0.439,0.843,1.3,16.8,3,6,1.4,0.3,2.6
Marc Gasol,C,0.464,0.829,0,16.6,7,3.8,1,1.3,2.3
Pau Gasol,C,0.469,0.792,0.3,16.5,11,4.1,0.6,2,2.3
Derrick Favors,PF,0.515,0.709,0,16.4,8.1,1.5,1.2,1.5,1.7
Derrick Rose,PG,0.427,0.793,0.7,16.4,3.4,4.7,0.7,0.2,2.7
J.J. Redick,SG,0.48,0.888,2.7,16.3,1.9,1.4,0.6,0.1,1
Andre Drummond,C,0.521,0.355,0,16.2,14.8,0.8,1.5,1.4,1.9
Kevin Love,PF,0.419,0.822,2.1,16,9.9,2.4,0.8,0.5,1.8
Victor Oladipo,SG,0.438,0.83,1.4,16,4.8,3.9,1.6,0.8,2.1
Jeff Teague,PG,0.439,0.837,1.4,15.7,2.7,5.9,1.2,0.3,2.8
Jordan Clarkson,SG,0.433,0.804,1.4,15.5,4,2.4,1.1,0.1,1.7
Evan Fournier,SF,0.462,0.836,2,15.4,2.8,2.7,1.2,0,1.7
Mike Conley,PG,0.422,0.834,1.4,15.3,2.9,6.1,1.2,0.3,1.5
Greg Monroe,C,0.522,0.74,0,15.3,8.8,2.3,0.9,0.8,1.6
Zach Randolph,PF,0.475,0.796,0.1,15.3,7.8,2.1,0.6,0.2,1.5
Lou Williams,SG,0.408,0.83,1.6,15.3,2.5,2.5,0.9,0.3,1.6
Avery Bradley,SG,0.447,0.78,1.9,15.2,2.9,2.1,1.5,0.3,1.4
Tyreke Evans,SG,0.433,0.796,1.3,15.2,5.2,6.6,1.3,0.3,2.9
Eric Gordon,SG,0.418,0.888,2.5,15.2,2.2,2.7,1,0.3,1.6
Al Horford,C,0.505,0.798,1.1,15.2,7.3,3.2,0.8,1.5,1.3
Thaddeus Young,PF,0.514,0.644,0.1,15.1,9,1.8,1.5,0.5,1.9
Nicolas Batum,SF,0.426,0.849,2,14.9,6.1,5.8,0.9,0.6,2.9
Tobias Harris,PF,0.469,0.831,1.1,14.7,6.7,2.2,0.9,0.5,1.4
Kentavious Caldwell-Pope,SG,0.42,0.811,1.5,14.5,3.7,1.8,1.4,0.2,1.4
Rodney Hood,SG,0.42,0.86,2,14.5,3.4,2.7,0.9,0.2,1.6
Will Barton,SG,0.432,0.806,1.4,14.4,5.8,2.5,0.9,0.5,1.7
Kristaps Porzingis,PF,0.421,0.838,1.1,14.3,7.3,1.3,0.7,1.9,1.7
Jamal Crawford,SG,0.404,0.904,1.5,14.2,1.8,2.3,0.7,0.2,1.4
Jae Crowder,SF,0.443,0.82,1.7,14.2,5.1,1.8,1.7,0.5,1.1
Hassan Whiteside,C,0.606,0.65,0,14.2,11.8,0.4,0.6,3.7,1.9
Goran Dragic,PG,0.477,0.727,0.9,14.1,3.8,5.8,1,0.2,2.6
Marcus Morris,SF,0.434,0.749,1.4,14.1,5.1,2.5,0.8,0.3,1.8
Jabari Parker,PF,0.493,0.768,0.1,14.1,5.2,1.7,0.9,0.4,1.5
Deron Williams,PG,0.414,0.869,1.5,14.1,2.9,5.8,0.9,0.2,2.3
Darren Collison,PG,0.486,0.858,1.2,14,2.3,4.3,1,0.1,1.8
Draymond Green,PF,0.49,0.696,1.2,14,9.5,7.4,1.5,1.4,3.2
Zach LaVine,SG,0.452,0.793,1.5,14,2.8,3.1,0.8,0.2,1.9
Devin Booker,SG,0.423,0.84,1.3,13.8,2.5,2.6,0.6,0.3,2.1
Monta Ellis,SG,0.427,0.786,1.1,13.8,3.3,4.7,1.9,0.5,2.5
Dwight Howard,C,0.62,0.489,0,13.7,11.8,1.4,1,1.6,2.3
Chandler Parsons,SF,0.492,0.684,1.7,13.7,4.7,2.8,0.8,0.3,1.6
Marcin Gortat,C,0.567,0.705,0,13.5,9.9,1.4,0.6,1.3,1.6
Alec Burks,SG,0.41,0.752,1,13.3,3.5,2,0.6,0.1,1.6
D'Angelo Russell,PG,0.41,0.737,1.6,13.2,3.4,3.3,1.2,0.2,2.5
Dahntay Jones,SF,0.429,,1,13,5,2,1,2,0
Arron Afflalo,SG,0.443,0.84,1.3,12.8,3.7,2,0.4,0.1,1.2
Michael Beasley,SF,0.522,0.776,0.2,12.8,4.9,0.8,0.6,0.5,1.2
Robert Covington,SF,0.385,0.791,2.5,12.8,6.3,1.4,1.6,0.6,2.1
Jarrett Jack,PG,0.391,0.893,1,12.8,4.3,7.4,1.1,0.2,2.9
Emmanuel Mudiay,PG,0.364,0.67,1.1,12.8,3.4,5.5,1,0.5,3.2
Jonas Valanciunas,C,0.565,0.761,0,12.8,9.1,0.7,0.4,1.3,1.4
Trevor Ariza,SF,0.416,0.783,2.3,12.7,4.5,2.3,2,0.3,1.4
DeAndre Jordan,C,0.703,0.43,0,12.7,13.8,1.2,0.7,2.3,1.4
Enes Kanter,C,0.576,0.797,0.1,12.7,8.1,0.4,0.3,0.4,1.4
Michael Kidd-Gilchrist,SF,0.541,0.69,0.4,12.7,6.4,1.3,0.4,0.4,1.1
Serge Ibaka,PF,0.479,0.752,0.8,12.6,6.8,0.8,0.5,1.9,1.4
Ish Smith,PG,0.411,0.693,0.7,12.6,4,6.5,1.1,0.3,2.3
Kenneth Faried,PF,0.558,0.613,0,12.5,8.7,1.2,0.5,0.9,1.4
Wesley Matthews,SG,0.388,0.863,2.4,12.5,3.1,1.9,1,0.2,1
J.R. Smith,SG,0.415,0.634,2.6,12.4,2.8,1.7,1.1,0.3,0.8
Luol Deng,PF,0.455,0.755,1.2,12.3,6,1.9,1,0.4,1.1
Gary Harris,SG,0.469,0.82,1.4,12.3,2.9,1.9,1.3,0.2,1.3
Joe Johnson,SF,0.439,0.831,1.5,12.2,3.6,3.9,0.8,0,2
Mirza Teletovic,PF,0.427,0.774,2.3,12.2,3.8,1.1,0.4,0.3,1.1
George Hill,PG,0.441,0.76,1.7,12.1,4,3.5,1.1,0.2,1.4
Al Jefferson,C,0.485,0.649,0,12,6.4,1.5,0.6,0.9,0.7
Markieff Morris,PF,0.425,0.735,0.7,12,5.5,1.9,0.9,0.5,2.1
Tony Parker,PG,0.493,0.76,0.4,11.9,2.4,5.3,0.8,0.2,1.8
Rajon Rondo,PG,0.454,0.58,0.9,11.9,6,11.7,2,0.1,3.9
Omri Casspi,SF,0.481,0.648,1.6,11.8,5.9,1.4,0.8,0.2,1.4
C.J. Miles,SF,0.409,0.75,2.2,11.8,2.7,1,0.8,0.5,1.1
Nikola Mirotic,PF,0.407,0.807,2,11.8,5.5,1.5,0.9,0.7,1.5
Harrison Barnes,SF,0.466,0.761,1.2,11.7,4.9,1.8,0.6,0.2,0.9
Jeff Green,SF,0.43,0.745,0.8,11.7,4.2,1.7,0.7,0.5,1.2
Jeremy Lin,SG,0.412,0.815,1,11.7,3.2,3,0.7,0.5,1.9
Marvin Williams,PF,0.452,0.833,1.9,11.7,6.4,1.4,0.7,1,0.8
Kent Bazemore,SF,0.441,0.815,1.5,11.6,5.1,2.3,1.3,0.5,1.8
Otto Porter,SF,0.473,0.754,1.3,11.6,5.2,1.6,1.4,0.4,0.9
Michael Carter-Williams,PG,0.452,0.654,0.3,11.5,5.1,5.2,1.5,0.8,2.8
Jordan Hamilton,SF,0.422,0.667,1.2,11.4,5.6,2.3,0.7,0.3,1.5
Julius Randle,PF,0.429,0.715,0.1,11.3,10.2,1.8,0.7,0.4,1.8
Bojan Bogdanovic,SF,0.433,0.833,1.6,11.2,3.2,1.3,0.4,0.1,1.5
Sean Kilpatrick,SG,0.456,0.896,1.3,11.1,1.8,0.9,0.4,0.1,1
Nerlens Noel,C,0.521,0.59,0,11.1,8.1,1.8,1.8,1.5,2.4
Isaiah Canaan,SG,0.36,0.833,2.3,11,2.3,1.8,0.7,0.2,1.2
DeMarre Carroll,SF,0.389,0.6,1.8,11,4.7,1,1.7,0.2,1.1
Dennis Schroder,PG,0.421,0.791,1,11,2.6,4.4,0.9,0.1,2.3
T.J. Warren,SF,0.501,0.703,0.6,11,3.1,0.9,0.8,0.3,0.7
J.J. Barea,PG,0.446,0.771,1.4,10.9,2.1,4.1,0.4,0,1.5
Elfrid Payton,PG,0.436,0.589,0.4,10.7,3.6,6.4,1.2,0.3,2.4
Trey Burke,PG,0.413,0.817,1.4,10.6,1.8,2.3,0.5,0.1,1.3
Norris Cole,PG,0.405,0.8,0.7,10.6,3.4,3.7,0.8,0.1,1.7
Shabazz Muhammad,SF,0.465,0.764,0.5,10.5,3.3,0.6,0.3,0.1,0.9
Evan Turner,SG,0.456,0.827,0.2,10.5,4.9,4.4,1,0.3,2.1
Jerryd Bayless,SG,0.423,0.778,1.9,10.4,2.7,3.1,0.9,0.2,1.4
Ersan Ilyasova,PF,0.424,0.721,1.3,10.4,5.4,0.9,0.7,0.4,1
Mario Chalmers,PG,0.41,0.832,0.8,10.3,2.6,3.8,1.4,0.2,1.8
Allen Crabbe,SG,0.459,0.867,1.4,10.3,2.7,1.2,0.8,0.2,0.8
Robin Lopez,C,0.539,0.795,0,10.3,7.3,1.4,0.2,1.6,1.6
Jared Sullinger,PF,0.435,0.64,0.4,10.3,8.3,2.3,0.9,0.6,1.3
Myles Turner,C,0.498,0.727,0.1,10.3,5.5,0.7,0.4,1.4,1.1
Al-Farouq Aminu,SF,0.416,0.737,1.5,10.2,6.1,1.7,0.9,0.6,1.5
Marco Belinelli,SG,0.386,0.833,1.3,10.2,1.7,1.9,0.5,0,1.2
Gorgui Dieng,C,0.532,0.827,0.1,10.1,7.1,1.7,1.1,1.2,1.7
Ricky Rubio,PG,0.374,0.847,0.8,10.1,4.3,8.7,2.1,0.1,2.5
Matt Barnes,SF,0.381,0.804,1.6,10,5.5,2.1,1,0.8,1.6
Nikola Jokic,C,0.512,0.811,0.4,10,7,2.4,1,0.6,1.3
Kelly Olynyk,C,0.455,0.75,1.2,10,4.1,1.5,0.8,0.5,1.1
Patrick Beverley,PG,0.434,0.682,1.7,9.9,3.5,3.4,1.3,0.4,1.3
Terrence Ross,SF,0.431,0.79,1.8,9.9,2.5,0.8,0.7,0.3,0.6
Ramon Sessions,PG,0.473,0.756,0.4,9.9,2.5,2.9,0.6,0.1,1.4
Carl Landry,PF,0.556,0.736,0.2,9.8,4.1,0.9,0.3,0.3,0.6
Gary Neal,SG,0.465,0.855,1,9.8,2.1,1.2,0.5,0,0.7
Hollis Thompson,SG,0.397,0.719,1.9,9.8,3.5,1.3,0.5,0.3,1
Dion Waiters,SG,0.399,0.713,1.1,9.8,2.6,2,1,0.2,1.5
Jerami Grant,SF,0.419,0.658,0.5,9.7,4.7,1.8,0.7,1.6,1.4
Marcus Thornton,SG,0.399,0.848,1.5,9.7,2.5,1.4,0.8,0.1,0.8
Manu Ginobili,SG,0.453,0.813,1.2,9.6,2.5,3.1,1.1,0.2,1.7
Courtney Lee,SG,0.454,0.839,1,9.6,2.6,1.7,1.1,0.4,0.9
Raymond Felton,PG,0.406,0.847,0.8,9.5,3.2,3.6,0.9,0.2,1.5
Doug McDermott,SF,0.452,0.857,1.4,9.4,2.4,0.7,0.2,0.1,0.7
Ian Mahinmi,C,0.589,0.587,0,9.3,7.1,1.5,0.9,1.1,1.4
Kevin Martin,SG,0.372,0.89,0.9,9.3,2,1.1,0.5,0.1,1
Derrick Williams,SF,0.45,0.758,0.6,9.3,3.7,0.9,0.4,0.1,0.8
Jordan Farmar,PG,0.42,1,1.3,9.2,2.1,3.1,1.3,0.2,1.5
Aaron Gordon,PF,0.473,0.668,0.5,9.2,6.5,1.6,0.8,0.7,0.8
Nene Hilario,PF,0.544,0.578,0,9.2,4.5,1.7,0.9,0.5,1.3
Kyle Korver,SG,0.435,0.833,2,9.2,3.3,2.1,0.8,0.4,1.2
Rudy Gobert,C,0.559,0.569,0,9.1,11,1.5,0.7,2.2,1.9
Mason Plumlee,C,0.516,0.642,0,9.1,7.7,2.8,0.8,1,1.9
Marcus Smart,PG,0.348,0.777,1,9.1,4.2,3,1.5,0.3,1.3
Alex Len,C,0.423,0.728,0,9,7.6,1.2,0.5,0.8,1.9
Archie Goodwin,PG,0.417,0.674,0.4,8.9,2.5,2.1,0.5,0.2,1.8
Gerald Green,SG,0.392,0.783,1.2,8.9,2.4,0.8,0.6,0.3,0.7
Austin Rivers,SG,0.438,0.681,0.9,8.9,1.9,1.5,0.7,0.1,0.9
Rodney Stuckey,PG,0.413,0.829,0.3,8.9,2.7,2.4,0.7,0.1,1.3
Jordan Hill,C,0.506,0.712,0,8.8,6.2,1.2,0.5,0.5,1.3
Jeremy Lamb,SG,0.451,0.727,0.8,8.8,3.8,1.2,0.6,0.5,0.8
Toney Douglas,PG,0.411,0.848,1.3,8.7,2.3,2.6,1.1,0.1,1
Gerald Henderson,SG,0.439,0.767,0.7,8.7,2.9,1,0.5,0.3,0.9
Tyler Johnson,SG,0.486,0.797,0.8,8.7,3,2.2,0.7,0.4,1.3
Terrence Jones,PF,0.452,0.664,0.5,8.7,4.2,0.8,0.5,0.8,1
Luis Scola,PF,0.45,0.726,0.9,8.7,4.7,0.9,0.6,0.4,0.9
Cody Zeller,C,0.529,0.754,0,8.7,6.2,1,0.8,0.9,0.9
Tim Duncan,C,0.488,0.702,0,8.6,7.3,2.7,0.8,1.3,1.5
Taj Gibson,PF,0.526,0.692,0,8.6,6.9,1.5,0.6,1.1,1.1
Shelvin Mack,PG,0.439,0.738,0.8,8.6,2.5,3.6,0.7,0.1,1.8
Zaza Pachulia,C,0.466,0.768,0,8.6,9.4,1.7,0.8,0.3,1.6
Cory Joseph,SG,0.439,0.764,0.4,8.5,2.6,3.1,0.8,0.3,1.3
Jon Leuer,PF,0.481,0.762,0.6,8.5,5.6,1.1,0.6,0.4,1.1
Patrick Mills,PG,0.425,0.81,1.5,8.5,2,2.8,0.7,0.1,0.9
Nik Stauskas,SG,0.385,0.771,1.5,8.5,2.5,1.9,0.6,0.3,1.3
Tony Allen,SG,0.458,0.652,0.2,8.4,4.6,1.1,1.7,0.3,1.2
Meyers Leonard,PF,0.448,0.761,1.4,8.4,5.1,1.5,0.1,0.3,1.3
Tony Wroten,PG,0.338,0.541,0.4,8.4,2.6,2.5,0.4,0,3.6
Lance Stephenson,SF,0.481,0.784,0.4,8.3,3.2,1.9,0.6,0.1,1.4
Jusuf Nurkic,C,0.417,0.616,0,8.2,5.5,1.3,0.8,1.4,1.7
Lance Thomas,PF,0.442,0.857,0.7,8.2,2.2,0.9,0.4,0.1,1
Mo Williams,PG,0.437,0.905,0.9,8.2,1.8,2.4,0.3,0.1,1.4
Stanley Johnson,SF,0.375,0.784,0.9,8.1,4.2,1.6,0.8,0.2,1.6
Steven Adams,C,0.613,0.582,0,8,6.7,0.8,0.5,1.1,1.1
P.J. Tucker,SF,0.411,0.746,0.8,8,6.2,2.2,1.3,0.2,1.4
Jared Dudley,PF,0.478,0.735,1.2,7.9,3.5,2.1,0.9,0.2,1
Joffrey Lauvergne,C,0.513,0.899,0.2,7.9,4.9,0.9,0.2,0.3,0.9
David Lee,PF,0.531,0.763,0,7.8,5.5,1.5,0.4,0.5,1.2
O.J. Mayo,SG,0.371,0.775,1.3,7.8,2.6,2.9,1.2,0.2,1.8
Ben McLemore,SG,0.429,0.718,1,7.8,2.2,1.2,0.8,0.1,1.5
Tristan Thompson,PF,0.588,0.616,0,7.8,9,0.8,0.5,0.6,0.7
Wayne Ellington,SG,0.389,0.857,1.3,7.7,2.3,1.1,0.6,0.1,0.6
Jameer Nelson,PG,0.368,0.857,1.1,7.7,2.9,4.9,0.6,0.1,1.7
Jose Calderon,PG,0.459,0.875,1.2,7.6,3.2,4.2,0.9,0.1,1.2
Langston Galloway,PG,0.393,0.754,0.9,7.6,3.5,2.5,0.9,0.3,0.7
Devin Harris,PG,0.447,0.721,0.8,7.6,2.2,1.8,0.9,0.2,1
Darrell Arthur,PF,0.452,0.755,0.6,7.5,4.2,1.4,0.8,0.7,0.9
D.J. Augustin,PG,0.423,0.805,1.1,7.5,1.5,3.2,0.6,0.1,1.4
Matthew Dellavedova,PG,0.405,0.864,1.3,7.5,2.1,4.4,0.6,0.1,1.5
Frank Kaminsky,C,0.41,0.73,0.8,7.5,4.1,1.2,0.5,0.5,0.7
E'Twaun Moore,SG,0.481,0.629,0.8,7.5,2.3,1.7,0.6,0.3,0.9
JaMychal Green,PF,0.465,0.752,0.2,7.4,4.8,0.9,0.6,0.4,1.1
Amir Johnson,PF,0.585,0.57,0.1,7.3,6.4,1.7,0.7,1.1,1.2
Shane Larkin,PG,0.442,0.776,0.5,7.3,2.3,4.4,1.2,0.2,1.9
Jodie Meeks,SG,0.35,1,1.3,7.3,1.7,1,0,0,0.3
Garrett Temple,SF,0.398,0.728,1.1,7.3,2.7,1.8,0.9,0.2,0.8
Nick Young,SG,0.339,0.829,1.4,7.3,1.8,0.6,0.4,0.1,0.6
Brandon Bass,PF,0.549,0.845,0,7.2,4.3,1.1,0.5,0.8,0.6
Corey Brewer,SF,0.384,0.75,0.7,7.2,2.4,1.3,1,0.2,1
Tyson Chandler,C,0.583,0.62,0,7.2,8.7,1,0.5,0.7,1.4
Mike Dunleavy,SF,0.41,0.784,1.3,7.2,2.7,1.3,0.5,0.3,0.8
James Ennis,SF,0.478,0.735,1.2,7.2,1.9,1,0.7,0.2,0.9
Danny Green,SG,0.376,0.739,1.5,7.2,3.8,1.8,1,0.8,0.9
Jason Smith,C,0.485,0.806,0.1,7.2,2.9,0.8,0.4,0.9,0.8
Aaron Brooks,PG,0.401,0.766,1,7.1,1.5,2.6,0.4,0.1,1.2
Marreese Speights,C,0.432,0.825,0.3,7.1,3.3,0.8,0.3,0.5,0.9
David West,PF,0.545,0.788,0,7.1,4,1.8,0.6,0.7,0.9
Luke Babbitt,SF,0.422,0.78,0.9,7,3.1,1.1,0.2,0.1,0.5
Clint Capela,C,0.582,0.379,0,7,6.4,0.6,0.8,1.2,0.8
Willie Cauley-Stein,C,0.563,0.648,0,7,5.3,0.6,0.7,1,0.7
Festus Ezeli,C,0.548,0.53,0,7,5.6,0.7,0.4,1.1,0.8
John Henson,C,0.564,0.59,0,7,3.9,0.9,0.3,1.9,1.1
Andre Iguodala,SF,0.478,0.614,0.8,7,4,3.4,1.1,0.3,1.2
Bobby Portis,PF,0.427,0.727,0.3,7,5.4,0.8,0.4,0.4,0.9
Donald Sloan,PG,0.44,0.75,0.6,7,2.8,4.4,0.5,0.1,1.3
Brandon Jennings,PG,0.368,0.731,1.1,6.9,2,3.5,0.6,0.1,1.2
Wesley Johnson,SF,0.404,0.652,1.3,6.9,3.1,0.6,1.1,0.7,0.7
Andrew Nicholson,PF,0.471,0.785,0.7,6.9,3.6,0.4,0.2,0.4,0.7
Patrick Patterson,PF,0.414,0.853,1.3,6.9,4.3,1.2,0.7,0.4,0.8
Brandan Wright,PF,0.673,0.542,0,6.9,3.6,0.5,0.4,1.3,0.8
Seth Curry,PG,0.455,0.833,1.1,6.8,1.4,1.5,0.5,0.1,0.8
Kosta Koufos,C,0.532,0.548,0,6.8,5.4,0.4,0.5,0.9,0.6
Andrea Bargnani,C,0.455,0.825,0.1,6.6,2.1,0.4,0.1,0.2,0.6
Vince Carter,SG,0.388,0.833,1,6.6,2.4,0.9,0.6,0.3,0.6
Josh Richardson,SG,0.452,0.667,1,6.6,2.1,1.4,0.7,0.5,0.7
Ed Davis,PF,0.611,0.559,0,6.5,7.4,1.1,0.7,0.9,0.8
Kris Humphries,PF,0.41,0.798,0.6,6.5,4.1,0.7,0.3,0.4,0.7
Henry Sims,C,0.429,0.833,0,6.5,5.1,0.6,0.6,1,0.9
Leandro Barbosa,SG,0.462,0.839,0.6,6.4,1.7,1.2,0.6,0.1,0.8
Boris Diaw,PF,0.527,0.737,0.3,6.4,3.1,2.3,0.3,0.3,1.3
Tim Hardaway,SG,0.43,0.893,0.9,6.4,1.7,1,0.4,0.1,0.5
Maurice Harkless,SF,0.474,0.622,0.5,6.4,3.6,0.9,0.6,0.4,0.8
Thabo Sefolosha,SF,0.505,0.626,0.6,6.4,4.5,1.4,1.1,0.5,0.9
Justise Winslow,SF,0.422,0.684,0.4,6.4,5.2,1.5,0.9,0.3,1.2
Aron Baynes,C,0.505,0.764,0,6.3,4.7,0.6,0.3,0.6,0.8
Shaun Livingston,PG,0.536,0.86,0,6.3,2.2,3,0.7,0.3,1
Timofey Mozgov,C,0.565,0.716,0,6.3,4.4,0.4,0.3,0.8,0.9
P.J. Hairston,SF,0.355,0.781,1.1,6.2,2.6,0.6,0.5,0.2,0.6
Donatas Motiejunas,PF,0.439,0.642,0.4,6.2,2.9,1.1,0.5,0.1,1.2
Mike Scott,PF,0.468,0.794,0.8,6.2,2.7,1,0.3,0.2,0.6
Dante Cunningham,SF,0.451,0.695,0.7,6.1,3,1,0.5,0.4,0.5
Channing Frye,PF-C,0.438,0.857,1.3,6.1,3.3,1,0.4,0.4,0.6
Mario Hezonja,SF,0.433,0.907,0.8,6.1,2.2,1.4,0.5,0.2,1.2
Trey Lyles,PF,0.438,0.695,0.6,6.1,3.7,0.7,0.3,0.2,0.8
T.J. McConnell,PG,0.47,0.634,0.4,6.1,3.1,4.5,1.2,0.1,1.7
Paul Pierce,SF,0.363,0.818,1.1,6.1,2.7,1,0.5,0.3,0.9
Tyler Zeller,C,0.476,0.815,0,6.1,3,0.5,0.2,0.4,0.8
Alexis Ajinca,C,0.476,0.839,0,6,4.6,0.5,0.3,0.6,0.9
Duje Dukan,SF,0.2,,2,6,4,1,1,0,0
Spencer Hawes,PF,0.405,0.831,0.7,6,4.3,1.9,0.4,0.5,1
Jonathon Simmons,SG,0.504,0.75,0.3,6,1.7,1.1,0.4,0.1,1
Josh Smith,PF,0.364,0.552,0.7,6,3.5,1.6,0.6,0.9,1.4
Trevor Booker,PF,0.49,0.67,0.2,5.9,5.7,1.1,0.7,0.5,1
Markel Brown,SG,0.394,0.755,0.6,5.9,2,1.5,0.6,0.2,0.9
Randy Foye,SG,0.351,0.824,0.9,5.9,1.9,2,0.5,0.4,1.1
Roy Hibbert,C,0.443,0.807,0,5.9,4.9,1.2,0.4,1.4,0.9
J.J. Hickson,C,0.516,0.447,0,5.9,3.8,0.7,0.4,0.4,0.7
Raul Neto,PG,0.431,0.743,0.8,5.9,1.5,2.1,0.8,0,1.3
Jason Terry,SG,0.402,0.818,1.3,5.9,1.1,1.4,0.7,0.1,0.7
Rondae Hollis-Jefferson,SF,0.457,0.712,0.1,5.8,5.3,1.5,1.3,0.6,0.9
Dwight Powell,PF,0.493,0.739,0,5.8,4,0.6,0.5,0.3,0.6
Iman Shumpert,SG,0.374,0.784,0.8,5.8,3.8,1.7,1,0.4,1.1
Amar'e Stoudemire,C,0.566,0.746,0,5.8,4.3,0.5,0.3,0.8,0.9
Ty Lawson,PG,0.393,0.686,0.5,5.7,1.8,3.6,0.8,0.1,1.4
Jarell Martin,PF,0.466,0.726,0,5.7,3.2,0.6,0.3,0.3,0.7
Xavier Munford,SG,0.416,0.5,0.6,5.7,2.2,1.6,0.9,0.2,1.1
Greivis Vasquez,PG,0.326,0.846,0.8,5.7,2,4,0.4,0,1.7
Troy Daniels,SG,0.476,0.556,1.4,5.6,1.3,0.5,0.3,0.1,0.6
Bryce Dejean-Jones,SG,0.406,0.524,0.9,5.6,3.4,1.1,0.7,0.1,0.8
Jerian Grant,PG,0.394,0.78,0.3,5.6,1.9,2.3,0.7,0.1,1.1
Richaun Holmes,PF,0.514,0.689,0.2,5.6,2.6,0.6,0.4,0.8,0.6
Anthony Morrow,SG,0.408,0.744,1.2,5.6,0.9,0.4,0.3,0.1,0.3
Norman Powell,SG,0.424,0.811,0.7,5.6,2.3,1,0.6,0.2,0.7
Tiago Splitter,C,0.523,0.813,0,5.6,3.3,0.8,0.6,0.3,0.7
Cole Aldrich,C,0.596,0.714,0,5.5,4.8,0.8,0.8,1.1,1.1
Bismack Biyombo,C,0.542,0.628,0,5.5,8,0.4,0.2,1.6,0.9
Richard Jefferson,SF,0.458,0.667,0.9,5.5,1.7,0.8,0.4,0.2,0.6
Boban Marjanovic,C,0.603,0.763,0,5.5,3.6,0.4,0.2,0.4,0.5
Larry Nance Jr.,PF,0.527,0.681,0,5.5,5,0.7,0.9,0.4,0.7
Lavoy Allen,PF,0.516,0.63,0,5.4,5.4,1,0.3,0.5,0.9
Andrew Bogut,C,0.627,0.48,0,5.4,7,2.3,0.5,1.6,1.2
Ronnie Price,PG,0.384,0.756,1.1,5.3,1.6,2.4,1.2,0.2,1.1
Tony Snell,SF,0.372,0.909,0.9,5.3,3.1,1,0.3,0.3,0.8
Anthony Tolliver,PF,0.386,0.617,1.4,5.3,3.2,0.7,0.4,0.2,0.4
Quincy Acy,PF,0.556,0.735,0.3,5.2,3.2,0.5,0.5,0.4,0.5
Nemanja Bjelica,PF,0.468,0.727,0.8,5.1,3.5,1.4,0.4,0.4,0.8
Tim Frazier,PG,0.419,0.716,0.3,5.1,2.2,3.2,0.6,0,1.3
JaVale McGee,C,0.575,0.5,0,5.1,3.9,0.1,0.1,0.8,0.6
Miles Plumlee,C,0.601,0.576,0,5.1,3.8,0.3,0.3,0.8,0.7
JaKarr Sampson,SF,0.442,0.656,0.2,5.1,2.6,0.6,0.3,0.5,1
Charlie Villanueva,PF,0.382,0.917,0.8,5.1,2.5,0.4,0.3,0.2,0.5
Alan Anderson,SG,0.356,0.733,0.9,5,2.1,1.1,0.3,0.1,0.2
James Johnson,PF,0.475,0.574,0.4,5,2.2,1.2,0.5,0.6,0.9
Cameron Payne,PG,0.41,0.792,0.6,5,1.5,1.9,0.6,0.1,0.8
Metta World Peace,SF,0.311,0.702,0.7,5,2.5,0.8,0.6,0.3,0.4
Sasha Vujacic,SG,0.383,0.821,0.9,4.9,2.4,1.4,0.6,0.1,0.7
Spencer Dinwiddie,PG,0.352,0.576,0.1,4.8,1.4,1.8,0.3,0,0.6
Kyle O'Quinn,PF,0.476,0.767,0.1,4.8,3.8,1.1,0.3,0.8,0.9
Andre Roberson,SG,0.496,0.611,0.5,4.8,3.6,0.7,0.8,0.6,0.5
Chris McCullough,PF,0.404,0.478,0.5,4.7,2.8,0.4,1.2,0.5,0.6
Willie Reed,PF,0.571,0.545,0,4.7,3.1,0.3,0.2,0.8,0.4
Beno Udrih,PG,0.434,0.9,0.3,4.7,1.6,2.6,0.3,0,1.2
Kyle Anderson,SF,0.468,0.747,0.2,4.5,3.1,1.6,0.8,0.4,0.8
Tyler Ennis,PG,0.449,0.735,0.3,4.5,1.6,2.1,0.5,0,1
Alonzo Gee,SF,0.518,0.667,0.2,4.5,3.4,1,0.9,0.2,0.8
Justin Holiday,SG,0.386,0.73,0.7,4.5,1.7,1.1,0.6,0.4,0.7
Marcelo Huertas,PG,0.422,0.931,0.3,4.5,1.7,3.4,0.5,0.1,1.5
Jordan McRae,PG,0.436,0.75,0.5,4.5,0.9,1.1,0.1,0,0.7
Nikola Pekovic,C,0.38,0.8,0,4.5,1.8,0.9,0.1,0,0.8
Steve Blake,PG,0.388,0.8,0.9,4.4,1.5,3.4,0.4,0.1,1.4
Dewayne Dedmon,C,0.559,0.75,0,4.4,3.9,0.2,0.4,0.8,0.6
Jonas Jerebko,PF,0.413,0.782,0.6,4.4,3.7,0.8,0.3,0.3,0.7
Briante Weber,PG,0.359,0.75,0,4.4,3.6,3,1.3,0.4,1.3
Joakim Noah,C,0.383,0.489,0,4.3,8.8,3.8,0.6,1,1.8
Thomas Robinson,PF,0.447,0.431,0,4.3,5.1,0.6,0.5,0.5,1
C.J. Watson,PG,0.343,0.872,0.4,4.3,2,2.7,0.6,0.2,0.8
Jeff Withey,C,0.537,0.729,0,4.3,3.4,0.4,0.4,1,0.5
Solomon Hill,SF,0.447,0.857,0.4,4.2,2.8,1,0.6,0.2,0.6
Joe Ingles,SF,0.426,0.722,1,4.2,1.9,1.2,0.7,0,0.8
Tyus Jones,PG,0.359,0.718,0.4,4.2,1.3,2.9,0.8,0.1,0.9
Ryan Kelly,PF,0.369,0.685,0.1,4.2,3.4,0.6,0.4,0.3,0.5
Brandon Rush,SG,0.427,0.643,0.9,4.2,2.5,0.8,0.3,0.3,0.5
Elton Brand,C,0.431,0.889,0,4.1,3.7,1.1,0.5,0.5,0.6
Chase Budinger,SF,0.435,0.696,0.4,4.1,2.3,1,0.5,0.2,0.7
John Jenkins,SG,0.444,0.833,0.4,4.1,1.3,0.8,0.2,0,0.6
Omer Asik,C,0.533,0.545,0,4,6.1,0.4,0.3,0.3,0.9
Anthony Brown,SF,0.31,0.85,0.7,4,2.4,0.7,0.5,0.2,0.5
Rakeem Christmas,PF,1,,0,4,1,0,0,0,0
Darrun Hilliard,SG,0.397,0.725,0.5,4,1.2,0.7,0.2,0,0.5
Brian Roberts,PG,0.448,0.894,0.3,4,0.8,1.1,0.2,0,0.5
Chris Andersen,C,0.528,0.694,0.1,3.9,3.6,0.4,0.6,0.5,0.3
Kevin Seraphin,C,0.41,0.826,0,3.9,2.6,1,0.2,0.8,0.9
Justin Anderson,SF,0.406,0.8,0.4,3.8,2.4,0.5,0.3,0.5,0.4
Glenn Robinson,SF,0.43,0.692,0.3,3.8,1.5,0.6,0.4,0.2,0.4
Delon Wright,PG,0.45,0.743,0.2,3.8,1.4,1.1,0.3,0.1,0.6
Joe Young,PG,0.367,0.8,0.2,3.8,1.2,1.6,0.4,0,0.8
Caron Butler,SF,0.424,0.833,0.2,3.7,1.3,0.6,0.5,0.1,0.2
Orlando Johnson,SG,0.265,0.75,0.3,3.7,2.1,0.3,0.4,0.4,0.6
James Jones,SF,0.408,0.808,0.9,3.7,1,0.3,0.2,0.2,0.3
Kendall Marshall,PG,0.364,0.692,0.5,3.7,0.9,2.4,0.5,0.1,1.4
Salah Mejri,C,0.628,0.587,0,3.7,3.6,0.3,0.2,1.1,0.7
Andre Miller,PG,0.557,0.75,0.1,3.7,1.3,2.2,0.4,0,0.9
Shabazz Napier,PG,0.338,0.733,0.6,3.7,1,1.8,0.4,0,0.8
Kelly Oubre,SF,0.427,0.633,0.4,3.7,2.1,0.2,0.3,0.1,0.5
Ian Clark,SG,0.441,0.824,0.5,3.6,1,1,0.3,0.2,0.7
Montrezl Harrell,PF,0.644,0.522,0,3.6,1.7,0.4,0.3,0.3,0.4
Josh McRoberts,PF,0.372,0.7,0.3,3.6,2.5,1.9,0.4,0.2,0.7
Axel Toupane,SF,0.357,0.765,0.6,3.6,1.5,0.7,0.3,0.3,0.3
Noah Vonleh,PF,0.421,0.745,0.1,3.6,3.9,0.4,0.3,0.3,0.6
Christian Wood,PF,0.415,0.619,0.2,3.6,2.2,0.2,0.3,0.4,0.1
Jordan Adams,SG,0.333,0.6,0,3.5,1,1.5,1.5,0,1
James Anderson,SG,0.376,0.759,0.5,3.5,1.7,0.8,0.4,0.3,0.8
Robert Sacre,C,0.413,0.658,0,3.5,2.9,0.6,0.2,0.4,0.5
Tarik Black,C,0.548,0.422,0,3.4,4,0.4,0.4,0.5,0.6
Cristiano Felicio,C,0.556,0.714,0,3.4,3.3,0.8,0.2,0.4,0.4
Ryan Hollins,C,0.62,0.619,0,3.4,2.6,0.3,0.2,0.6,0.6
Kyle Singler,SF,0.389,0.659,0.4,3.4,2.1,0.4,0.4,0.1,0.5
Reggie Bullock,SF,0.439,0.933,0.6,3.3,1.8,0.7,0.3,0.1,0.2
Ray McCallum,PG,0.377,0.8,0.4,3.3,1.1,1.5,0.3,0.2,0.6
Mike Muscala,C,0.5,0.795,0.2,3.3,2,0.6,0.2,0.5,0.5
Phil Pressey,PG,0.385,0.52,0.2,3.3,1.3,3.3,0.8,0.2,1.4
Kevin Garnett,PF,0.47,0.667,0,3.2,3.9,1.6,0.7,0.3,0.4
Luc Mbah a Moute,PF,0.454,0.526,0.2,3.1,2.3,0.4,0.6,0.3,0.5
Jason Thompson,C,0.481,0.704,0.1,3.1,2.9,0.6,0.3,0.4,0.3
Rashad Vaughn,SG,0.305,0.8,0.6,3.1,1.3,0.6,0.4,0.2,0.4
Thanasis Antetokounmpo,SF,0.75,,0,3,0.5,0,0,0,0
Kirk Hinrich,PG,0.38,0.938,0.5,3,1.5,1.6,0.3,0,0.7
Johnny O'Bryant,PF,0.411,0.675,0,3,2.7,0.5,0.3,0.1,0.5
C.J. Wilcox,SG,0.394,0.75,0.4,3,0.5,0.4,0.4,0.1,0.1
Chris Johnson,SF,0.371,0.81,0.4,2.9,1.9,0.6,0.5,0.3,0.6
James Michael McAdoo,PF,0.536,0.531,0,2.9,1.4,0.4,0.2,0.2,0.4
Tayshaun Prince,SF,0.445,0.684,0.1,2.9,1.9,0.9,0.5,0.2,0.4
Alan Williams,PF,0.417,0.643,0,2.9,3.8,0.5,0.4,0.5,0.6
Andrew Goudelock,PG,0.45,0.75,0.1,2.8,0.3,0.5,0.8,0.3,0.9
Josh Huestis,PF,0.417,0,0.8,2.8,2,0,0.2,0.4,0.6
Cory Jefferson,PF,0.409,0.667,0,2.8,2,0,0,0.1,0
Chris Kaman,C,0.465,1,0.1,2.8,1.5,0.7,0.1,0.1,0.5
Alex Stepheson,PF,0.333,0.333,0,2.8,3.5,0.3,0.1,0.6,0
Rasual Butler,SF,0.471,0.688,0.3,2.7,1.2,0.5,0.3,0.5,0.2
Jared Cunningham,SG,0.343,0.655,0.3,2.7,0.9,0.5,0.3,0,0.5
Drew Gooden,PF,0.32,0.643,0.2,2.7,2.8,0.4,0.3,0.4,0.4
R.J. Hunter,SG,0.367,0.857,0.5,2.7,1,0.4,0.4,0.1,0.3
Justin Harper,PF,0.4,0.5,0.8,2.6,0.2,0,0.2,0,0.4
Kostas Papanikolaou,SF,0.364,0.643,0.4,2.6,1.5,0.6,0.5,0.2,0.8
Anderson Varejao,C,0.427,0.64,0,2.6,2.7,0.7,0.3,0.2,0.4
Matt Bonner,C,0.509,0.75,0.5,2.5,0.9,0.3,0.2,0,0.1
Lorenzo Brown,PG,0.32,0.75,0.1,2.5,0.9,1.4,0.4,0.1,1.1
Adreian Payne,PF,0.366,0.654,0.2,2.5,2.1,0.6,0.3,0.2,0.7
Kendrick Perkins,C,0.533,0.44,0,2.5,3.5,0.8,0.3,0.3,1.1
Pablo Prigioni,PG,0.374,0.875,0.5,2.5,1.9,2.2,0.9,0,0.8
Sonny Weems,SG-SF,0.382,0.533,0.3,2.5,1.2,1.1,0.2,0,1
Jarell Eddie,SF,0.308,1,0.6,2.4,0.9,0.2,0.2,0,0
Jeremy Evans,SF,0.542,0.714,0.1,2.4,1.8,0.1,0.2,0.3,0.2
Tyler Hansbrough,PF,0.451,0.585,0,2.4,2,0.2,0.3,0.2,0.3
Sergey Karasev,SF,0.405,0.929,0.3,2.4,1.5,0.9,0.2,0.1,0.6
K.J. McDaniels,SF,0.403,0.8,0.2,2.4,1.1,0.3,0.2,0.2,0.5
Steve Novak,PF,0.444,1,0.7,2.4,0.5,0,0,0,0.1
Lamar Patterson,SG,0.35,0.727,0.3,2.4,1.4,1.1,0.3,0.1,0.7
Greg Smith,PF,0.563,0.412,0,2.4,2.3,0.3,0.2,0.1,0.4
Damjan Rudez,SF,0.403,1,0.5,2.3,0.6,0.3,0.1,0,0.4
Walter Tavares,C,0.579,0.375,0,2.3,1.9,0.3,0.1,0.5,0.5
Lucas Nogueira,C,0.636,0.533,0,2.2,1.6,0.2,0.4,0.4,0.4
DeJuan Blair,C,0.412,0.385,0,2.1,2,0.4,0.3,0.1,0.5
Nick Collison,PF,0.459,0.697,0,2.1,2.9,0.9,0.3,0.3,0.8
Chris Copeland,PF,0.333,0.857,0.4,2.1,0.4,0.5,0.1,0,0.3
Devyn Marble,SG,0.296,0.417,0.3,2.1,1.4,0.4,0.5,0,0.3
Coty Clarke,SF,0.5,,0.7,2,0.3,0,0,0,0.3
Chuck Hayes,C,0.5,1,0,2,4,1,0,0,1.5
Tibor Pleiss,C,0.44,1,0,2,1.3,0.2,0.1,0.2,0.7
Cameron Bairstow,C,0.325,0.875,0.1,1.9,1.6,0.3,0.1,0.2,0.2
Lou Amundson,PF,0.358,0.519,0,1.8,1.7,0.4,0.2,0.2,0.5
Jeff Ayres,C,0.522,1,0,1.8,1.3,0.3,0,0.2,0.4
Cleanthony Early,SF,0.3,0.75,0.2,1.8,1.5,0.4,0.1,0.2,0.5
Jorge Gutierrez,PG,0.545,0.909,0,1.8,0.6,1.4,0.3,0,0.5
Damien Inglis,SF,0.351,0.875,0.2,1.8,1.6,0.5,0.3,0.2,0.6
Kevon Looney,PF,0.571,,0.2,1.8,2,0,0,0,0.2
Elijah Millsap,SG,0.282,0.722,0.1,1.8,1.8,1,0.4,0.2,0.5
Terry Rozier,PG,0.274,0.8,0.2,1.8,1.6,0.9,0.2,0,0.5
Udonis Haslem,PF,0.377,0.75,0,1.6,2,0.4,0.1,0.1,0.1
Nazr Mohammed,C,0.6,1,0,1.6,0.8,0,0,0,0.6
Shayne Whittington,PF,0.455,0.5,0,1.6,1.7,0.4,0.1,0.1,0.7
Elliot Williams,PG,0.2,0.75,0.2,1.6,0.8,0.8,0,0,0.2
Anthony Bennett,PF,0.296,0.9,0.2,1.5,1.2,0,0.3,0,0.2
Jimmer Fredette,SG,0.4,0.8,0.2,1.5,0,0.2,0.2,0,0.3
Russ Smith,PG,0.318,0.615,0.1,1.5,0.6,0.7,0.3,0.1,0.5
Erick Green,PG,0.385,1,0.1,1.4,0.7,0.3,0.1,0,0
Cliff Alexander,PF,0.5,,0,1.3,0.8,0,0.1,0.3,0.1
Mitch McGary,PF,0.478,0.4,0,1.3,0.9,0.2,0.1,0.1,0.4
Jordan Mickey,PF,0.364,0.5,0,1.3,0.8,0.1,0,0.7,0.1
Mike Miller,SF,0.355,,0.4,1.3,1.1,0.9,0.3,0.1,0.4
Keith Appling,PG,0.25,1,0,1.2,0.2,0.2,0.2,0,0.6
Luis Montero,SG,0.263,0.75,0.1,1.2,0.3,0.1,0,0,0.3
Pat Connaughton,SG,0.265,1,0.1,1.1,0.9,0.3,0.1,0,0.3
Bryce Cotton,PG,0.4,,0,1,0,0.4,0.4,0,0.6
Eric Moreland,PF,0.5,0.5,0,1,1.4,0.1,0,0.5,0.4
Jarnell Stokes,C,0.6,0.5,0,1,0.6,0.1,0.1,0,0
James Young,SG,0.306,0.25,0.2,1,0.9,0.3,0.2,0,0.2
Joel Anthony,C,0.6,0.75,0,0.9,1.1,0.1,0.1,0.6,0.1
Aaron Harrison,SG,0.263,0.417,0.1,0.9,0.7,0.1,0.3,0,0.2
Sasha Kaun,C,0.529,0.455,0,0.9,1,0.1,0.2,0.2,0.3
Branden Dawson,PF,0.4,1,0,0.8,0.7,0,0,0.2,0
Joe Harris,SG,0.25,,0.2,0.6,0.6,0.4,0,0,0.2
Bruno Caboclo,SF,0.083,,0.2,0.5,0.3,0.2,0.3,0.2,0.7
Sam Dekker,SF,,,0,0,0.3,0,0.3,0,0
J.J. O'Brien,SF,0,,0,0,0.5,0,0.5,0,0
Nate Robinson,PG,0,,0,0,0,2,0.5,0,0